dataset,view,validation_sample_size,feature_columns,model,status,accuracy,macro_precision,macro_recall,macro_f1,weighted_f1,roc_auc,pr_auc,training_time_seconds,inference_time_per_sample_seconds,number_of_features,encoded_number_of_features,train_sample_size,test_sample_size,random_seed
MQTTEEB-D,full_feature_upper_bound,3000.0,"[""tcp_flags"", ""tcp_len"", ""mqtt_conack_flags"", ""mqtt_conflag_cleansess"", ""mqtt_conflags"", ""mqtt_dupflag"", ""mqtt_hdrflags"", ""mqtt_kalive"", ""mqtt_qos""]",Logistic Regression,ok,0.6643333333333333,0.7092559317477609,0.6643333333333333,0.6452965988511179,0.6452965988511179,0.6588595555555555,0.6495852766977324,0.07580530000268482,2.0765666655885675e-06,9,39.0,14000.0,3000.0,42.0
MQTTEEB-D,full_feature_upper_bound,3000.0,"[""tcp_flags"", ""tcp_len"", ""mqtt_conack_flags"", ""mqtt_conflag_cleansess"", ""mqtt_conflags"", ""mqtt_dupflag"", ""mqtt_hdrflags"", ""mqtt_kalive"", ""mqtt_qos""]",Random Forest,ok,0.7453333333333333,0.7472480220158239,0.7453333333333334,0.7448393423000261,0.7448393423000261,0.7975568888888889,0.7512122806374593,0.5000321999978041,1.5276366665299672e-05,9,39.0,14000.0,3000.0,42.0
MQTTEEB-D,full_feature_upper_bound,3000.0,"[""tcp_flags"", ""tcp_len"", ""mqtt_conack_flags"", ""mqtt_conflag_cleansess"", ""mqtt_conflags"", ""mqtt_dupflag"", ""mqtt_hdrflags"", ""mqtt_kalive"", ""mqtt_qos""]",Extra Trees,ok,0.7346666666666667,0.7354771266082016,0.7346666666666667,0.7344381654614816,0.7344381654614814,0.7798780000000001,0.7337798141171843,0.3386441999900853,1.8641133331887733e-05,9,39.0,14000.0,3000.0,42.0
MQTTEEB-D,broker_side_secure_mqtt_metadata,3000.0,"[""tcp_flags"", ""tcp_len"", ""mqtt_conack_flags"", ""mqtt_conflag_cleansess"", ""mqtt_conflags"", ""mqtt_dupflag"", ""mqtt_hdrflags"", ""mqtt_kalive"", ""mqtt_qos""]",Logistic Regression,ok,0.6643333333333333,0.7092559317477609,0.6643333333333333,0.6452965988511179,0.6452965988511179,0.6588595555555555,0.6495852766977324,0.1044192999979714,2.79946666463123e-06,9,39.0,14000.0,3000.0,42.0
MQTTEEB-D,broker_side_secure_mqtt_metadata,3000.0,"[""tcp_flags"", ""tcp_len"", ""mqtt_conack_flags"", ""mqtt_conflag_cleansess"", ""mqtt_conflags"", ""mqtt_dupflag"", ""mqtt_hdrflags"", ""mqtt_kalive"", ""mqtt_qos""]",Random Forest,ok,0.7453333333333333,0.7472480220158239,0.7453333333333334,0.7448393423000261,0.7448393423000261,0.7975568888888889,0.7512122806374593,0.6310385999968275,2.1582899998369007e-05,9,39.0,14000.0,3000.0,42.0
MQTTEEB-D,broker_side_secure_mqtt_metadata,3000.0,"[""tcp_flags"", ""tcp_len"", ""mqtt_conack_flags"", ""mqtt_conflag_cleansess"", ""mqtt_conflags"", ""mqtt_dupflag"", ""mqtt_hdrflags"", ""mqtt_kalive"", ""mqtt_qos""]",Extra Trees,ok,0.7346666666666667,0.7354771266082016,0.7346666666666667,0.7344381654614816,0.7344381654614814,0.7798780000000001,0.73377933182039,0.4034277999890037,2.3384033333665382e-05,9,39.0,14000.0,3000.0,42.0
MQTTEEB-D,strict_encrypted_flow_metadata,3000.0,"[""tcp_flags"", ""tcp_len""]",Logistic Regression,ok,0.5866666666666667,0.6657171217230502,0.5866666666666667,0.5307002759280528,0.5307002759280528,0.5366537777777778,0.5797204870027823,0.04771769999933895,1.4545666684474174e-06,2,4.0,14000.0,3000.0,42.0
MQTTEEB-D,strict_encrypted_flow_metadata,3000.0,"[""tcp_flags"", ""tcp_len""]",Random Forest,ok,0.7466666666666667,0.7487722752039933,0.7466666666666666,0.7461294766392352,0.7461294766392353,0.7943017777777778,0.7378533044529986,0.44720280000183266,1.742993333027698e-05,2,4.0,14000.0,3000.0,42.0
MQTTEEB-D,strict_encrypted_flow_metadata,3000.0,"[""tcp_flags"", ""tcp_len""]",Extra Trees,ok,0.7376666666666667,0.7386238132955522,0.7376666666666667,0.7374033405720737,0.7374033405720738,0.7783899999999999,0.7287626702091126,0.2861354000051506,2.042573333407442e-05,2,4.0,14000.0,3000.0,42.0
IoT-23,full_feature_upper_bound,3000.0,"[""duration"", ""orig_bytes"", ""resp_bytes"", ""orig_pkts"", ""resp_pkts"", ""orig_ip_bytes"", ""resp_ip_bytes"", ""missed_bytes"", ""proto"", ""service"", ""conn_state"", ""history_len"", ""history_count_D"", ""history_count_d"", ""history_count_S"", ""history_count_h"", ""history_count_H"", ""history_count_A"", ""history_count_F"", ""history_count_R"", ""history_count_r"", ""history_count_caret"", ""history_count_I"", ""history_count_Q"", ""total_bytes"", ""total_pkts"", ""bytes_per_second"", ""packets_per_second""]",Logistic Regression,ok,0.96,0.9626723957578976,0.96,0.9599421564739484,0.9599421564739483,0.9769671111111112,0.9675028065800224,0.3555262000008952,3.2903333340073002e-06,28,48.0,14000.0,3000.0,42.0
IoT-23,full_feature_upper_bound,3000.0,"[""duration"", ""orig_bytes"", ""resp_bytes"", ""orig_pkts"", ""resp_pkts"", ""orig_ip_bytes"", ""resp_ip_bytes"", ""missed_bytes"", ""proto"", ""service"", ""conn_state"", ""history_len"", ""history_count_D"", ""history_count_d"", ""history_count_S"", ""history_count_h"", ""history_count_H"", ""history_count_A"", ""history_count_F"", ""history_count_R"", ""history_count_r"", ""history_count_caret"", ""history_count_I"", ""history_count_Q"", ""total_bytes"", ""total_pkts"", ""bytes_per_second"", ""packets_per_second""]",Random Forest,ok,0.9583333333333334,0.9601019652878999,0.9583333333333333,0.9582932531496101,0.9582932531496102,0.9833622222222221,0.9717686172196263,0.5468066000030376,2.3806799998662126e-05,28,48.0,14000.0,3000.0,42.0
IoT-23,full_feature_upper_bound,3000.0,"[""duration"", ""orig_bytes"", ""resp_bytes"", ""orig_pkts"", ""resp_pkts"", ""orig_ip_bytes"", ""resp_ip_bytes"", ""missed_bytes"", ""proto"", ""service"", ""conn_state"", ""history_len"", ""history_count_D"", ""history_count_d"", ""history_count_S"", ""history_count_h"", ""history_count_H"", ""history_count_A"", ""history_count_F"", ""history_count_R"", ""history_count_r"", ""history_count_caret"", ""history_count_I"", ""history_count_Q"", ""total_bytes"", ""total_pkts"", ""bytes_per_second"", ""packets_per_second""]",Extra Trees,ok,0.9546666666666667,0.9553952991452992,0.9546666666666667,0.9546485260770975,0.9546485260770975,0.9798453333333333,0.9649889280986451,0.284889500006102,2.1201333336648532e-05,28,48.0,14000.0,3000.0,42.0
IoT-23,broker_side_secure_mqtt_metadata,,,Logistic Regression,skipped_not_applicable,,,,,,,,,,0,,,,
IoT-23,broker_side_secure_mqtt_metadata,,,Random Forest,skipped_not_applicable,,,,,,,,,,0,,,,
IoT-23,broker_side_secure_mqtt_metadata,,,Extra Trees,skipped_not_applicable,,,,,,,,,,0,,,,
IoT-23,strict_encrypted_flow_metadata,3000.0,"[""duration"", ""orig_bytes"", ""resp_bytes"", ""orig_pkts"", ""resp_pkts"", ""orig_ip_bytes"", ""resp_ip_bytes"", ""missed_bytes"", ""proto"", ""service"", ""conn_state"", ""history_len"", ""history_count_D"", ""history_count_d"", ""history_count_S"", ""history_count_h"", ""history_count_H"", ""history_count_A"", ""history_count_F"", ""history_count_R"", ""history_count_r"", ""history_count_caret"", ""history_count_I"", ""history_count_Q"", ""total_bytes"", ""total_pkts"", ""bytes_per_second"", ""packets_per_second""]",Logistic Regression,ok,0.96,0.9626723957578976,0.96,0.9599421564739484,0.9599421564739483,0.9769671111111112,0.9675028065800224,0.3235114999988582,3.431566665919187e-06,28,48.0,14000.0,3000.0,42.0
IoT-23,strict_encrypted_flow_metadata,3000.0,"[""duration"", ""orig_bytes"", ""resp_bytes"", ""orig_pkts"", ""resp_pkts"", ""orig_ip_bytes"", ""resp_ip_bytes"", ""missed_bytes"", ""proto"", ""service"", ""conn_state"", ""history_len"", ""history_count_D"", ""history_count_d"", ""history_count_S"", ""history_count_h"", ""history_count_H"", ""history_count_A"", ""history_count_F"", ""history_count_R"", ""history_count_r"", ""history_count_caret"", ""history_count_I"", ""history_count_Q"", ""total_bytes"", ""total_pkts"", ""bytes_per_second"", ""packets_per_second""]",Random Forest,ok,0.9583333333333334,0.9601019652878999,0.9583333333333333,0.9582932531496101,0.9582932531496102,0.9833622222222221,0.9717686172196263,0.5421251999941887,2.1849133331367435e-05,28,48.0,14000.0,3000.0,42.0
IoT-23,strict_encrypted_flow_metadata,3000.0,"[""duration"", ""orig_bytes"", ""resp_bytes"", ""orig_pkts"", ""resp_pkts"", ""orig_ip_bytes"", ""resp_ip_bytes"", ""missed_bytes"", ""proto"", ""service"", ""conn_state"", ""history_len"", ""history_count_D"", ""history_count_d"", ""history_count_S"", ""history_count_h"", ""history_count_H"", ""history_count_A"", ""history_count_F"", ""history_count_R"", ""history_count_r"", ""history_count_caret"", ""history_count_I"", ""history_count_Q"", ""total_bytes"", ""total_pkts"", ""bytes_per_second"", ""packets_per_second""]",Extra Trees,ok,0.9546666666666667,0.9553952991452992,0.9546666666666667,0.9546485260770975,0.9546485260770975,0.9798453333333333,0.9649889280986451,0.2943929000030039,2.2470399999292566e-05,28,48.0,14000.0,3000.0,42.0
MQTT-IoT-IDS2020,full_feature_upper_bound,3000.0,"[""prt_src"", ""prt_dst"", ""proto"", ""fwd_num_pkts"", ""bwd_num_pkts"", ""fwd_mean_iat"", ""bwd_mean_iat"", ""fwd_std_iat"", ""bwd_std_iat"", ""fwd_min_iat"", ""bwd_min_iat"", ""fwd_max_iat"", ""bwd_max_iat"", ""fwd_mean_pkt_len"", ""bwd_mean_pkt_len"", ""fwd_std_pkt_len"", ""bwd_std_pkt_len"", ""fwd_min_pkt_len"", ""bwd_min_pkt_len"", ""fwd_max_pkt_len"", ""bwd_max_pkt_len"", ""fwd_num_bytes"", ""bwd_num_bytes"", ""fwd_num_psh_flags"", ""bwd_num_psh_flags"", ""fwd_num_rst_flags"", ""bwd_num_rst_flags"", ""fwd_num_urg_flags"", ""packet_count"", ""byte_sum"", ""byte_mean"", ""byte_std"", ""iat_mean"", ""iat_std"", ""byte_min"", ""iat_min"", ""byte_max"", ""iat_max"", ""duration"", ""packets_per_second"", ""bytes_per_second"", ""burstiness""]",Logistic Regression,ok,0.9956666666666667,0.9956721741352682,0.9956666666666667,0.9956666546295962,0.9956666546295961,0.9999035555555555,0.9999061843896412,0.21607110000331886,1.841666666829648e-06,42,42.0,14000.0,3000.0,42.0
MQTT-IoT-IDS2020,full_feature_upper_bound,3000.0,"[""prt_src"", ""prt_dst"", ""proto"", ""fwd_num_pkts"", ""bwd_num_pkts"", ""fwd_mean_iat"", ""bwd_mean_iat"", ""fwd_std_iat"", ""bwd_std_iat"", ""fwd_min_iat"", ""bwd_min_iat"", ""fwd_max_iat"", ""bwd_max_iat"", ""fwd_mean_pkt_len"", ""bwd_mean_pkt_len"", ""fwd_std_pkt_len"", ""bwd_std_pkt_len"", ""fwd_min_pkt_len"", ""bwd_min_pkt_len"", ""fwd_max_pkt_len"", ""bwd_max_pkt_len"", ""fwd_num_bytes"", ""bwd_num_bytes"", ""fwd_num_psh_flags"", ""bwd_num_psh_flags"", ""fwd_num_rst_flags"", ""bwd_num_rst_flags"", ""fwd_num_urg_flags"", ""packet_count"", ""byte_sum"", ""byte_mean"", ""byte_std"", ""iat_mean"", ""iat_std"", ""byte_min"", ""iat_min"", ""byte_max"", ""iat_max"", ""duration"", ""packets_per_second"", ""bytes_per_second"", ""burstiness""]",Random Forest,ok,0.9993333333333333,0.9993333333333333,0.9993333333333333,0.9993333333333333,0.9993333333333333,0.9999986666666667,0.9999986666662716,0.5295040000055451,2.0821466668470143e-05,42,42.0,14000.0,3000.0,42.0
MQTT-IoT-IDS2020,full_feature_upper_bound,3000.0,"[""prt_src"", ""prt_dst"", ""proto"", ""fwd_num_pkts"", ""bwd_num_pkts"", ""fwd_mean_iat"", ""bwd_mean_iat"", ""fwd_std_iat"", ""bwd_std_iat"", ""fwd_min_iat"", ""bwd_min_iat"", ""fwd_max_iat"", ""bwd_max_iat"", ""fwd_mean_pkt_len"", ""bwd_mean_pkt_len"", ""fwd_std_pkt_len"", ""bwd_std_pkt_len"", ""fwd_min_pkt_len"", ""bwd_min_pkt_len"", ""fwd_max_pkt_len"", ""bwd_max_pkt_len"", ""fwd_num_bytes"", ""bwd_num_bytes"", ""fwd_num_psh_flags"", ""bwd_num_psh_flags"", ""fwd_num_rst_flags"", ""bwd_num_rst_flags"", ""fwd_num_urg_flags"", ""packet_count"", ""byte_sum"", ""byte_mean"", ""byte_std"", ""iat_mean"", ""iat_std"", ""byte_min"", ""iat_min"", ""byte_max"", ""iat_max"", ""duration"", ""packets_per_second"", ""bytes_per_second"", ""burstiness""]",Extra Trees,ok,0.9993333333333333,0.9993333333333333,0.9993333333333333,0.9993333333333333,0.9993333333333333,0.9999986666666667,0.9999986666662716,0.30856419999327045,1.7694100000274676e-05,42,42.0,14000.0,3000.0,42.0
MQTT-IoT-IDS2020,broker_side_secure_mqtt_metadata,3000.0,"[""fwd_mean_iat"", ""bwd_mean_iat"", ""fwd_std_iat"", ""bwd_std_iat"", ""fwd_min_iat"", ""bwd_min_iat"", ""fwd_max_iat"", ""bwd_max_iat"", ""fwd_mean_pkt_len"", ""bwd_mean_pkt_len"", ""fwd_std_pkt_len"", ""bwd_std_pkt_len"", ""fwd_min_pkt_len"", ""bwd_min_pkt_len"", ""fwd_max_pkt_len"", ""bwd_max_pkt_len"", ""fwd_num_bytes"", ""bwd_num_bytes"", ""fwd_num_psh_flags"", ""bwd_num_psh_flags"", ""fwd_num_rst_flags"", ""bwd_num_rst_flags"", ""fwd_num_urg_flags"", ""packet_count"", ""byte_sum"", ""byte_mean"", ""byte_std"", ""iat_mean"", ""iat_std"", ""byte_min"", ""iat_min"", ""byte_max"", ""iat_max"", ""duration"", ""packets_per_second"", ""bytes_per_second"", ""burstiness""]",Logistic Regression,ok,0.9923333333333333,0.9923335521482454,0.9923333333333333,0.9923333324814814,0.9923333324814815,0.999736,0.9997506273479375,0.17947270000877324,2.1760333329439164e-06,37,37.0,14000.0,3000.0,42.0
MQTT-IoT-IDS2020,broker_side_secure_mqtt_metadata,3000.0,"[""fwd_mean_iat"", ""bwd_mean_iat"", ""fwd_std_iat"", ""bwd_std_iat"", ""fwd_min_iat"", ""bwd_min_iat"", ""fwd_max_iat"", ""bwd_max_iat"", ""fwd_mean_pkt_len"", ""bwd_mean_pkt_len"", ""fwd_std_pkt_len"", ""bwd_std_pkt_len"", ""fwd_min_pkt_len"", ""bwd_min_pkt_len"", ""fwd_max_pkt_len"", ""bwd_max_pkt_len"", ""fwd_num_bytes"", ""bwd_num_bytes"", ""fwd_num_psh_flags"", ""bwd_num_psh_flags"", ""fwd_num_rst_flags"", ""bwd_num_rst_flags"", ""fwd_num_urg_flags"", ""packet_count"", ""byte_sum"", ""byte_mean"", ""byte_std"", ""iat_mean"", ""iat_std"", ""byte_min"", ""iat_min"", ""byte_max"", ""iat_max"", ""duration"", ""packets_per_second"", ""bytes_per_second"", ""burstiness""]",Random Forest,ok,0.9993333333333333,0.9993333333333333,0.9993333333333333,0.9993333333333333,0.9993333333333333,0.9999986666666667,0.9999986666662716,0.6497297999885632,2.1372966667210374e-05,37,37.0,14000.0,3000.0,42.0
MQTT-IoT-IDS2020,broker_side_secure_mqtt_metadata,3000.0,"[""fwd_mean_iat"", ""bwd_mean_iat"", ""fwd_std_iat"", ""bwd_std_iat"", ""fwd_min_iat"", ""bwd_min_iat"", ""fwd_max_iat"", ""bwd_max_iat"", ""fwd_mean_pkt_len"", ""bwd_mean_pkt_len"", ""fwd_std_pkt_len"", ""bwd_std_pkt_len"", ""fwd_min_pkt_len"", ""bwd_min_pkt_len"", ""fwd_max_pkt_len"", ""bwd_max_pkt_len"", ""fwd_num_bytes"", ""bwd_num_bytes"", ""fwd_num_psh_flags"", ""bwd_num_psh_flags"", ""fwd_num_rst_flags"", ""bwd_num_rst_flags"", ""fwd_num_urg_flags"", ""packet_count"", ""byte_sum"", ""byte_mean"", ""byte_std"", ""iat_mean"", ""iat_std"", ""byte_min"", ""iat_min"", ""byte_max"", ""iat_max"", ""duration"", ""packets_per_second"", ""bytes_per_second"", ""burstiness""]",Extra Trees,ok,0.999,0.9990002217778764,0.999,0.9989999998888889,0.9989999998888889,0.9999986666666666,0.9999986678502737,0.27780509999138303,2.0479233333996186e-05,37,37.0,14000.0,3000.0,42.0
MQTT-IoT-IDS2020,strict_encrypted_flow_metadata,3000.0,"[""proto"", ""fwd_num_pkts"", ""bwd_num_pkts"", ""fwd_mean_iat"", ""bwd_mean_iat"", ""fwd_std_iat"", ""bwd_std_iat"", ""fwd_min_iat"", ""bwd_min_iat"", ""fwd_max_iat"", ""bwd_max_iat"", ""fwd_mean_pkt_len"", ""bwd_mean_pkt_len"", ""fwd_std_pkt_len"", ""bwd_std_pkt_len"", ""fwd_min_pkt_len"", ""bwd_min_pkt_len"", ""fwd_max_pkt_len"", ""bwd_max_pkt_len"", ""fwd_num_bytes"", ""bwd_num_bytes"", ""fwd_num_psh_flags"", ""bwd_num_psh_flags"", ""fwd_num_rst_flags"", ""bwd_num_rst_flags"", ""fwd_num_urg_flags"", ""packet_count"", ""byte_sum"", ""byte_mean"", ""byte_std"", ""iat_mean"", ""iat_std"", ""byte_min"", ""iat_min"", ""byte_max"", ""iat_max"", ""duration"", ""packets_per_second"", ""bytes_per_second"", ""burstiness""]",Logistic Regression,ok,0.9926666666666667,0.9926666666666667,0.9926666666666667,0.9926666666666667,0.9926666666666667,0.999800888888889,0.9998083388327417,0.176067200009129,2.2985000008096298e-06,40,40.0,14000.0,3000.0,42.0
MQTT-IoT-IDS2020,strict_encrypted_flow_metadata,3000.0,"[""proto"", ""fwd_num_pkts"", ""bwd_num_pkts"", ""fwd_mean_iat"", ""bwd_mean_iat"", ""fwd_std_iat"", ""bwd_std_iat"", ""fwd_min_iat"", ""bwd_min_iat"", ""fwd_max_iat"", ""bwd_max_iat"", ""fwd_mean_pkt_len"", ""bwd_mean_pkt_len"", ""fwd_std_pkt_len"", ""bwd_std_pkt_len"", ""fwd_min_pkt_len"", ""bwd_min_pkt_len"", ""fwd_max_pkt_len"", ""bwd_max_pkt_len"", ""fwd_num_bytes"", ""bwd_num_bytes"", ""fwd_num_psh_flags"", ""bwd_num_psh_flags"", ""fwd_num_rst_flags"", ""bwd_num_rst_flags"", ""fwd_num_urg_flags"", ""packet_count"", ""byte_sum"", ""byte_mean"", ""byte_std"", ""iat_mean"", ""iat_std"", ""byte_min"", ""iat_min"", ""byte_max"", ""iat_max"", ""duration"", ""packets_per_second"", ""bytes_per_second"", ""burstiness""]",Random Forest,ok,0.999,0.9990002217778764,0.999,0.9989999998888889,0.9989999998888889,0.9999984444444444,0.9999982231093353,0.527846099997987,1.8927199998870492e-05,40,40.0,14000.0,3000.0,42.0
MQTT-IoT-IDS2020,strict_encrypted_flow_metadata,3000.0,"[""proto"", ""fwd_num_pkts"", ""bwd_num_pkts"", ""fwd_mean_iat"", ""bwd_mean_iat"", ""fwd_std_iat"", ""bwd_std_iat"", ""fwd_min_iat"", ""bwd_min_iat"", ""fwd_max_iat"", ""bwd_max_iat"", ""fwd_mean_pkt_len"", ""bwd_mean_pkt_len"", ""fwd_std_pkt_len"", ""bwd_std_pkt_len"", ""fwd_min_pkt_len"", ""bwd_min_pkt_len"", ""fwd_max_pkt_len"", ""bwd_max_pkt_len"", ""fwd_num_bytes"", ""bwd_num_bytes"", ""fwd_num_psh_flags"", ""bwd_num_psh_flags"", ""fwd_num_rst_flags"", ""bwd_num_rst_flags"", ""fwd_num_urg_flags"", ""packet_count"", ""byte_sum"", ""byte_mean"", ""byte_std"", ""iat_mean"", ""iat_std"", ""byte_min"", ""iat_min"", ""byte_max"", ""iat_max"", ""duration"", ""packets_per_second"", ""bytes_per_second"", ""burstiness""]",Extra Trees,ok,0.9993333333333333,0.9993333333333333,0.9993333333333333,0.9993333333333333,0.9993333333333333,0.9999982222222222,0.9999982231093353,0.34557619999395683,2.0177033332098895e-05,40,40.0,14000.0,3000.0,42.0
MQTTEEB-D_flow_10s,full_feature_upper_bound,762.0,"[""window_seconds"", ""packet_count"", ""byte_sum"", ""byte_mean"", ""byte_std"", ""byte_min"", ""byte_max"", ""duration"", ""packets_per_second"", ""bytes_per_second"", ""iat_mean"", ""iat_std"", ""iat_min"", ""iat_max"", ""burstiness""]",Logistic Regression,ok,0.8977719528178244,0.9088938924852237,0.8994336224791388,0.8973131711895757,0.8971782354165614,0.8878448785450147,0.9311011511573846,0.07652049999160226,4.3435124536978655e-06,15,15.0,3556.0,763.0,42.0
MQTTEEB-D_flow_10s,full_feature_upper_bound,762.0,"[""window_seconds"", ""packet_count"", ""byte_sum"", ""byte_mean"", ""byte_std"", ""byte_min"", ""byte_max"", ""duration"", ""packets_per_second"", ""bytes_per_second"", ""iat_mean"", ""iat_std"", ""iat_min"", ""iat_max"", ""burstiness""]",Random Forest,ok,0.8938401048492791,0.9038164563181761,0.8954229272919731,0.8934182956377777,0.8932864802591836,0.920425333021734,0.9452481498790051,0.3209383999928832,6.757549147230242e-05,15,15.0,3556.0,763.0,42.0
MQTTEEB-D_flow_10s,full_feature_upper_bound,762.0,"[""window_seconds"", ""packet_count"", ""byte_sum"", ""byte_mean"", ""byte_std"", ""byte_min"", ""byte_max"", ""duration"", ""packets_per_second"", ""bytes_per_second"", ""iat_mean"", ""iat_std"", ""iat_min"", ""iat_max"", ""burstiness""]",Extra Trees,ok,0.8938401048492791,0.9038164563181761,0.8954229272919731,0.8934182956377777,0.8932864802591836,0.921631634659005,0.9437678566973322,0.19895920000271872,6.233787681018814e-05,15,15.0,3556.0,763.0,42.0
MQTTEEB-D_flow_10s,broker_side_secure_mqtt_metadata,762.0,"[""window_seconds"", ""packet_count"", ""byte_sum"", ""byte_mean"", ""byte_std"", ""byte_min"", ""byte_max"", ""duration"", ""packets_per_second"", ""bytes_per_second"", ""iat_mean"", ""iat_std"", ""iat_min"", ""iat_max"", ""burstiness""]",Logistic Regression,ok,0.8977719528178244,0.9088938924852237,0.8994336224791388,0.8973131711895757,0.8971782354165614,0.8878448785450147,0.9311011511573846,0.07578020000073593,4.431847957430376e-06,15,15.0,3556.0,763.0,42.0
MQTTEEB-D_flow_10s,broker_side_secure_mqtt_metadata,762.0,"[""window_seconds"", ""packet_count"", ""byte_sum"", ""byte_mean"", ""byte_std"", ""byte_min"", ""byte_max"", ""duration"", ""packets_per_second"", ""bytes_per_second"", ""iat_mean"", ""iat_std"", ""iat_min"", ""iat_max"", ""burstiness""]",Random Forest,ok,0.8938401048492791,0.9038164563181761,0.8954229272919731,0.8934182956377777,0.8932864802591836,0.920425333021734,0.9452481498790051,0.30689069999789353,5.9013761473034766e-05,15,15.0,3556.0,763.0,42.0
MQTTEEB-D_flow_10s,broker_side_secure_mqtt_metadata,762.0,"[""window_seconds"", ""packet_count"", ""byte_sum"", ""byte_mean"", ""byte_std"", ""byte_min"", ""byte_max"", ""duration"", ""packets_per_second"", ""bytes_per_second"", ""iat_mean"", ""iat_std"", ""iat_min"", ""iat_max"", ""burstiness""]",Extra Trees,ok,0.8938401048492791,0.9038164563181761,0.8954229272919731,0.8934182956377777,0.8932864802591836,0.921631634659005,0.9437678566973322,0.19059159999596886,6.535137613849571e-05,15,15.0,3556.0,763.0,42.0
MQTTEEB-D_flow_10s,strict_encrypted_flow_metadata,762.0,"[""packet_count"", ""byte_sum"", ""byte_mean"", ""byte_std"", ""byte_min"", ""byte_max"", ""duration"", ""packets_per_second"", ""bytes_per_second"", ""iat_mean"", ""iat_std"", ""iat_min"", ""iat_max"", ""burstiness""]",Logistic Regression,ok,0.8977719528178244,0.9088938924852237,0.8994336224791388,0.8973131711895757,0.8971782354165614,0.8878448785450147,0.9311011511573846,0.07908870000392199,4.749279145028096e-06,14,14.0,3556.0,763.0,42.0
MQTTEEB-D_flow_10s,strict_encrypted_flow_metadata,762.0,"[""packet_count"", ""byte_sum"", ""byte_mean"", ""byte_std"", ""byte_min"", ""byte_max"", ""duration"", ""packets_per_second"", ""bytes_per_second"", ""iat_mean"", ""iat_std"", ""iat_min"", ""iat_max"", ""burstiness""]",Random Forest,ok,0.8938401048492791,0.9038164563181761,0.8954229272919731,0.8934182956377777,0.8932864802591836,0.920425333021734,0.9457755479364365,0.3347504999983357,5.941716907576439e-05,14,14.0,3556.0,763.0,42.0
MQTTEEB-D_flow_10s,strict_encrypted_flow_metadata,762.0,"[""packet_count"", ""byte_sum"", ""byte_mean"", ""byte_std"", ""byte_min"", ""byte_max"", ""duration"", ""packets_per_second"", ""bytes_per_second"", ""iat_mean"", ""iat_std"", ""iat_min"", ""iat_max"", ""burstiness""]",Extra Trees,ok,0.8925294888597641,0.9028205128205129,0.8941375802482714,0.8920844199748865,0.8919481743978833,0.9224117784529096,0.944045900300967,0.21758280000358354,5.991900394497339e-05,14,14.0,3556.0,763.0,42.0
MQTTEEB-D_flow_1s,full_feature_upper_bound,1981.0,"[""window_seconds"", ""packet_count"", ""byte_sum"", ""byte_mean"", ""byte_std"", ""byte_min"", ""byte_max"", ""duration"", ""packets_per_second"", ""bytes_per_second"", ""iat_mean"", ""iat_std"", ""iat_min"", ""iat_max"", ""burstiness""]",Logistic Regression,ok,0.845532559313478,0.7986495212038304,0.8782273042273042,0.8181260126012602,0.8544423599351353,0.9188059598059598,0.9758648161680352,0.14380630000960082,1.744775370455402e-06,15,15.0,9242.0,1981.0,42.0
MQTTEEB-D_flow_1s,full_feature_upper_bound,1981.0,"[""window_seconds"", ""packet_count"", ""byte_sum"", ""byte_mean"", ""byte_std"", ""byte_min"", ""byte_max"", ""duration"", ""packets_per_second"", ""bytes_per_second"", ""iat_mean"", ""iat_std"", ""iat_min"", ""iat_max"", ""burstiness""]",Random Forest,ok,0.9217566885411408,0.8835879567586885,0.9165557865557865,0.898132036380586,0.9233663346527089,0.9404462924462924,0.9738408206063047,0.5005175000114832,2.722675416362131e-05,15,15.0,9242.0,1981.0,42.0
MQTTEEB-D_flow_1s,full_feature_upper_bound,1981.0,"[""window_seconds"", ""packet_count"", ""byte_sum"", ""byte_mean"", ""byte_std"", ""byte_min"", ""byte_max"", ""duration"", ""packets_per_second"", ""bytes_per_second"", ""iat_mean"", ""iat_std"", ""iat_min"", ""iat_max"", ""burstiness""]",Extra Trees,ok,0.9212518929833418,0.8822199765982341,0.9183409563409564,0.8979254526429274,0.923025392143331,0.9402293832293832,0.9738007173790317,0.23290660000930075,2.392049470441797e-05,15,15.0,9242.0,1981.0,42.0
MQTTEEB-D_flow_1s,broker_side_secure_mqtt_metadata,1981.0,"[""window_seconds"", ""packet_count"", ""byte_sum"", ""byte_mean"", ""byte_std"", ""byte_min"", ""byte_max"", ""duration"", ""packets_per_second"", ""bytes_per_second"", ""iat_mean"", ""iat_std"", ""iat_min"", ""iat_max"", ""burstiness""]",Logistic Regression,ok,0.845532559313478,0.7986495212038304,0.8782273042273042,0.8181260126012602,0.8544423599351353,0.9188059598059598,0.9758648161680352,0.14749709999887273,1.734578496001281e-06,15,15.0,9242.0,1981.0,42.0
MQTTEEB-D_flow_1s,broker_side_secure_mqtt_metadata,1981.0,"[""window_seconds"", ""packet_count"", ""byte_sum"", ""byte_mean"", ""byte_std"", ""byte_min"", ""byte_max"", ""duration"", ""packets_per_second"", ""bytes_per_second"", ""iat_mean"", ""iat_std"", ""iat_min"", ""iat_max"", ""burstiness""]",Random Forest,ok,0.9217566885411408,0.8835879567586885,0.9165557865557865,0.898132036380586,0.9233663346527089,0.9404462924462924,0.9738408206063047,0.509253299998818,2.831282180477524e-05,15,15.0,9242.0,1981.0,42.0
MQTTEEB-D_flow_1s,broker_side_secure_mqtt_metadata,1981.0,"[""window_seconds"", ""packet_count"", ""byte_sum"", ""byte_mean"", ""byte_std"", ""byte_min"", ""byte_max"", ""duration"", ""packets_per_second"", ""bytes_per_second"", ""iat_mean"", ""iat_std"", ""iat_min"", ""iat_max"", ""burstiness""]",Extra Trees,ok,0.9212518929833418,0.8822199765982341,0.9183409563409564,0.8979254526429274,0.923025392143331,0.9402293832293832,0.9738007173790317,0.22103109999443404,2.8562695606000974e-05,15,15.0,9242.0,1981.0,42.0
MQTTEEB-D_flow_1s,strict_encrypted_flow_metadata,1981.0,"[""packet_count"", ""byte_sum"", ""byte_mean"", ""byte_std"", ""byte_min"", ""byte_max"", ""duration"", ""packets_per_second"", ""bytes_per_second"", ""iat_mean"", ""iat_std"", ""iat_min"", ""iat_max"", ""burstiness""]",Logistic Regression,ok,0.845532559313478,0.7986495212038304,0.8782273042273042,0.8181260126012602,0.8544423599351353,0.9188059598059598,0.9758648161680352,0.1504099000012502,1.887430594166847e-06,14,14.0,9242.0,1981.0,42.0
MQTTEEB-D_flow_1s,strict_encrypted_flow_metadata,1981.0,"[""packet_count"", ""byte_sum"", ""byte_mean"", ""byte_std"", ""byte_min"", ""byte_max"", ""duration"", ""packets_per_second"", ""bytes_per_second"", ""iat_mean"", ""iat_std"", ""iat_min"", ""iat_max"", ""burstiness""]",Random Forest,ok,0.9217566885411408,0.8835879567586885,0.9165557865557865,0.898132036380586,0.9233663346527089,0.9414455994455995,0.9743980965318169,0.47345030000724364,2.7065572941441658e-05,14,14.0,9242.0,1981.0,42.0
MQTTEEB-D_flow_1s,strict_encrypted_flow_metadata,1981.0,"[""packet_count"", ""byte_sum"", ""byte_mean"", ""byte_std"", ""byte_min"", ""byte_max"", ""duration"", ""packets_per_second"", ""bytes_per_second"", ""iat_mean"", ""iat_std"", ""iat_min"", ""iat_max"", ""burstiness""]",Extra Trees,ok,0.9217566885411408,0.8825476460936514,0.9200866250866251,0.8987694615467036,0.923583004245148,0.9383887733887732,0.9724072620528361,0.21856799999659415,2.6816506811912684e-05,14,14.0,9242.0,1981.0,42.0
MQTTEEB-D_flow_5s,full_feature_upper_bound,1027.0,"[""window_seconds"", ""packet_count"", ""byte_sum"", ""byte_mean"", ""byte_std"", ""byte_min"", ""byte_max"", ""duration"", ""packets_per_second"", ""bytes_per_second"", ""iat_mean"", ""iat_std"", ""iat_min"", ""iat_max"", ""burstiness""]",Logistic Regression,ok,0.8784046692607004,0.8782244175703553,0.891893481841713,0.8773123284401481,0.8794744875901075,0.9058847752764921,0.9497746384907263,0.08225069999753032,3.871498047940411e-06,15,15.0,4794.0,1028.0,42.0
MQTTEEB-D_flow_5s,full_feature_upper_bound,1027.0,"[""window_seconds"", ""packet_count"", ""byte_sum"", ""byte_mean"", ""byte_std"", ""byte_min"", ""byte_max"", ""duration"", ""packets_per_second"", ""bytes_per_second"", ""iat_mean"", ""iat_std"", ""iat_min"", ""iat_max"", ""burstiness""]",Random Forest,ok,0.8939688715953308,0.8903502282117532,0.9035022354694486,0.8924792470898907,0.894842948784473,0.9208271236959762,0.9496822642475458,0.33772310000495054,5.278677042541529e-05,15,15.0,4794.0,1028.0,42.0
MQTTEEB-D_flow_5s,full_feature_upper_bound,1027.0,"[""window_seconds"", ""packet_count"", ""byte_sum"", ""byte_mean"", ""byte_std"", ""byte_min"", ""byte_max"", ""duration"", ""packets_per_second"", ""bytes_per_second"", ""iat_mean"", ""iat_std"", ""iat_min"", ""iat_max"", ""burstiness""]",Extra Trees,ok,0.8881322957198443,0.8849595268336146,0.8982077025649071,0.886664206040677,0.8890733788475156,0.9213663816769943,0.9507350653699831,0.19616920000407845,3.9564980539255e-05,15,15.0,4794.0,1028.0,42.0
MQTTEEB-D_flow_5s,broker_side_secure_mqtt_metadata,1027.0,"[""window_seconds"", ""packet_count"", ""byte_sum"", ""byte_mean"", ""byte_std"", ""byte_min"", ""byte_max"", ""duration"", ""packets_per_second"", ""bytes_per_second"", ""iat_mean"", ""iat_std"", ""iat_min"", ""iat_max"", ""burstiness""]",Logistic Regression,ok,0.8784046692607004,0.8782244175703553,0.891893481841713,0.8773123284401481,0.8794744875901075,0.9058847752764921,0.9497746384907263,0.09242559999984223,3.0502918259474425e-06,15,15.0,4794.0,1028.0,42.0
MQTTEEB-D_flow_5s,broker_side_secure_mqtt_metadata,1027.0,"[""window_seconds"", ""packet_count"", ""byte_sum"", ""byte_mean"", ""byte_std"", ""byte_min"", ""byte_max"", ""duration"", ""packets_per_second"", ""bytes_per_second"", ""iat_mean"", ""iat_std"", ""iat_min"", ""iat_max"", ""burstiness""]",Random Forest,ok,0.8939688715953308,0.8903502282117532,0.9035022354694486,0.8924792470898907,0.894842948784473,0.9208271236959762,0.9496822642475458,0.35580090001167264,4.858132295212201e-05,15,15.0,4794.0,1028.0,42.0
MQTTEEB-D_flow_5s,broker_side_secure_mqtt_metadata,1027.0,"[""window_seconds"", ""packet_count"", ""byte_sum"", ""byte_mean"", ""byte_std"", ""byte_min"", ""byte_max"", ""duration"", ""packets_per_second"", ""bytes_per_second"", ""iat_mean"", ""iat_std"", ""iat_min"", ""iat_max"", ""burstiness""]",Extra Trees,ok,0.8881322957198443,0.8849595268336146,0.8982077025649071,0.886664206040677,0.8890733788475156,0.9213663816769943,0.9507350653699831,0.21522450000338722,4.485408559890921e-05,15,15.0,4794.0,1028.0,42.0
MQTTEEB-D_flow_5s,strict_encrypted_flow_metadata,1027.0,"[""packet_count"", ""byte_sum"", ""byte_mean"", ""byte_std"", ""byte_min"", ""byte_max"", ""duration"", ""packets_per_second"", ""bytes_per_second"", ""iat_mean"", ""iat_std"", ""iat_min"", ""iat_max"", ""burstiness""]",Logistic Regression,ok,0.8784046692607004,0.8782244175703553,0.891893481841713,0.8773123284401481,0.8794744875901075,0.9058847752764921,0.9497746384907263,0.08682120000594296,3.4600194580517783e-06,14,14.0,4794.0,1028.0,42.0
MQTTEEB-D_flow_5s,strict_encrypted_flow_metadata,1027.0,"[""packet_count"", ""byte_sum"", ""byte_mean"", ""byte_std"", ""byte_min"", ""byte_max"", ""duration"", ""packets_per_second"", ""bytes_per_second"", ""iat_mean"", ""iat_std"", ""iat_min"", ""iat_max"", ""burstiness""]",Random Forest,ok,0.8929961089494164,0.8894848645778014,0.9026825633383011,0.8915179051098252,0.8938830312531709,0.9212408816377755,0.9502085834090234,0.4158637000073213,5.84422178983875e-05,14,14.0,4794.0,1028.0,42.0
MQTTEEB-D_flow_5s,strict_encrypted_flow_metadata,1027.0,"[""packet_count"", ""byte_sum"", ""byte_mean"", ""byte_std"", ""byte_min"", ""byte_max"", ""duration"", ""packets_per_second"", ""bytes_per_second"", ""iat_mean"", ""iat_std"", ""iat_min"", ""iat_max"", ""burstiness""]",Extra Trees,ok,0.8871595330739299,0.884360599078341,0.8977645305514158,0.8857545785159439,0.8881208177714994,0.9231449525452976,0.9554884107917265,0.23652459999721032,5.0690953313678335e-05,14,14.0,4794.0,1028.0,42.0
